episode,seed_0,seed_1,seed_2,seed_3,seed_4
0,23.0,11.0,16.0,14.0,17.0
1,12.0,34.0,14.0,25.0,19.0
2,17.0,17.0,21.0,17.0,9.0
3,10.0,18.0,23.0,41.0,12.0
4,15.0,20.0,17.0,17.0,31.0
5,30.0,13.0,16.0,19.0,26.0
6,16.0,25.0,16.0,15.0,18.0
7,17.0,17.0,10.0,13.0,17.0
8,12.0,30.0,34.0,25.0,30.0
9,20.0,17.0,18.0,15.0,11.0
10,18.0,29.0,20.0,13.0,27.0
11,28.0,32.0,12.0,10.0,28.0
12,35.0,22.0,15.0,18.0,21.0
13,32.0,10.0,33.0,19.0,41.0
14,23.0,23.0,15.0,21.0,23.0
15,38.0,25.0,9.0,16.0,11.0
16,26.0,14.0,19.0,16.0,61.0
17,31.0,13.0,14.0,15.0,41.0
18,10.0,16.0,11.0,31.0,28.0
19,19.0,27.0,10.0,21.0,18.0
20,11.0,19.0,12.0,13.0,12.0
21,21.0,35.0,27.0,17.0,46.0
22,23.0,19.0,20.0,36.0,20.0
23,12.0,28.0,21.0,19.0,13.0
24,22.0,21.0,14.0,21.0,15.0
25,45.0,17.0,14.0,28.0,16.0
26,12.0,30.0,20.0,26.0,15.0
27,17.0,17.0,16.0,19.0,21.0
28,31.0,35.0,26.0,9.0,13.0
29,10.0,13.0,13.0,26.0,13.0
30,20.0,35.0,13.0,12.0,30.0
31,14.0,16.0,19.0,28.0,14.0
32,21.0,10.0,10.0,26.0,30.0
33,16.0,30.0,29.0,16.0,14.0
34,18.0,27.0,13.0,25.0,11.0
35,20.0,9.0,68.0,29.0,11.0
36,11.0,9.0,13.0,46.0,17.0
37,18.0,24.0,12.0,15.0,27.0
38,18.0,20.0,21.0,18.0,17.0
39,14.0,27.0,14.0,22.0,31.0
40,19.0,13.0,15.0,11.0,26.0
41,23.0,12.0,25.0,16.0,17.0
42,19.0,17.0,19.0,15.0,32.0
43,39.0,24.0,27.0,13.0,15.0
44,11.0,14.0,12.0,45.0,16.0
45,11.0,17.0,12.0,17.0,24.0
46,14.0,10.0,22.0,13.0,27.0
47,22.0,40.0,15.0,22.0,15.0
48,12.0,31.0,12.0,31.0,16.0
49,37.0,59.0,37.0,19.0,22.0
50,24.0,16.0,24.0,11.0,13.0
51,15.0,34.0,12.0,23.0,23.0
52,34.0,19.0,50.0,13.0,36.0
53,16.0,14.0,14.0,18.0,13.0
54,11.0,14.0,42.0,24.0,15.0
55,28.0,14.0,23.0,23.0,25.0
56,24.0,22.0,23.0,25.0,27.0
57,16.0,14.0,20.0,10.0,22.0
58,11.0,14.0,41.0,17.0,12.0
59,17.0,22.0,19.0,38.0,16.0
60,17.0,15.0,30.0,28.0,15.0
61,19.0,11.0,9.0,27.0,15.0
62,28.0,33.0,10.0,18.0,17.0
63,12.0,12.0,19.0,14.0,18.0
64,11.0,15.0,39.0,25.0,11.0
65,13.0,13.0,16.0,19.0,21.0
66,34.0,22.0,16.0,15.0,19.0
67,29.0,10.0,10.0,24.0,9.0
68,18.0,41.0,22.0,16.0,30.0
69,29.0,9.0,18.0,30.0,23.0
70,24.0,25.0,37.0,10.0,27.0
71,21.0,20.0,9.0,19.0,35.0
72,31.0,18.0,46.0,18.0,26.0
73,48.0,30.0,27.0,32.0,21.0
74,35.0,10.0,22.0,13.0,25.0
75,17.0,13.0,33.0,22.0,37.0
76,15.0,32.0,60.0,25.0,14.0
77,13.0,30.0,25.0,17.0,27.0
78,16.0,13.0,15.0,38.0,18.0
79,21.0,24.0,22.0,14.0,20.0
80,16.0,16.0,17.0,37.0,19.0
81,14.0,14.0,24.0,13.0,15.0
82,32.0,12.0,34.0,16.0,38.0
83,23.0,16.0,14.0,22.0,10.0
84,20.0,23.0,49.0,20.0,12.0
85,25.0,15.0,18.0,17.0,15.0
86,13.0,26.0,14.0,65.0,11.0
87,9.0,12.0,15.0,22.0,20.0
88,45.0,39.0,50.0,11.0,20.0
89,20.0,30.0,12.0,20.0,16.0
90,11.0,15.0,25.0,28.0,12.0
91,17.0,24.0,11.0,28.0,16.0
92,14.0,30.0,22.0,32.0,20.0
93,16.0,31.0,13.0,59.0,35.0
94,41.0,13.0,24.0,23.0,25.0
95,17.0,31.0,37.0,11.0,29.0
96,12.0,13.0,14.0,22.0,10.0
97,17.0,13.0,10.0,17.0,50.0
98,39.0,20.0,18.0,28.0,13.0
99,22.0,11.0,21.0,23.0,12.0
100,20.0,26.0,29.0,21.0,31.0
101,21.0,14.0,16.0,16.0,31.0
102,19.0,20.0,18.0,17.0,31.0
103,14.0,23.0,29.0,17.0,16.0
104,48.0,18.0,24.0,30.0,33.0
105,31.0,28.0,36.0,25.0,22.0
106,17.0,14.0,13.0,9.0,17.0
107,21.0,27.0,19.0,17.0,37.0
108,9.0,17.0,18.0,12.0,15.0
109,27.0,20.0,73.0,19.0,20.0
110,52.0,11.0,19.0,17.0,18.0
111,27.0,17.0,8.0,19.0,26.0
112,15.0,26.0,35.0,12.0,26.0
113,14.0,13.0,14.0,34.0,16.0
114,26.0,31.0,21.0,30.0,30.0
115,11.0,16.0,26.0,13.0,15.0
116,24.0,16.0,16.0,24.0,15.0
117,23.0,12.0,11.0,13.0,12.0
118,17.0,24.0,13.0,20.0,29.0
119,17.0,15.0,37.0,33.0,38.0
120,10.0,34.0,27.0,15.0,8.0
121,35.0,32.0,55.0,42.0,32.0
122,15.0,33.0,24.0,22.0,28.0
123,15.0,13.0,12.0,21.0,22.0
124,10.0,52.0,38.0,11.0,15.0
125,23.0,32.0,26.0,19.0,70.0
126,22.0,36.0,15.0,11.0,52.0
127,18.0,18.0,9.0,26.0,19.0
128,15.0,31.0,25.0,29.0,15.0
129,13.0,10.0,19.0,13.0,11.0
130,54.0,32.0,17.0,11.0,19.0
131,16.0,15.0,15.0,18.0,28.0
132,30.0,28.0,28.0,13.0,13.0
133,14.0,31.0,18.0,12.0,17.0
134,16.0,15.0,33.0,18.0,14.0
135,63.0,18.0,32.0,21.0,19.0
136,24.0,18.0,23.0,14.0,12.0
137,17.0,28.0,22.0,41.0,21.0
138,10.0,37.0,14.0,22.0,22.0
139,18.0,18.0,29.0,21.0,15.0
140,20.0,21.0,19.0,9.0,13.0
141,14.0,45.0,34.0,23.0,17.0
142,12.0,16.0,54.0,33.0,16.0
143,46.0,23.0,13.0,17.0,13.0
144,43.0,18.0,49.0,52.0,15.0
145,54.0,19.0,20.0,48.0,39.0
146,10.0,15.0,12.0,34.0,25.0
147,14.0,24.0,28.0,54.0,16.0
148,24.0,28.0,15.0,15.0,28.0
149,11.0,16.0,56.0,45.0,17.0
150,18.0,40.0,39.0,19.0,24.0
151,15.0,13.0,51.0,14.0,33.0
152,11.0,47.0,20.0,16.0,27.0
153,13.0,19.0,13.0,31.0,18.0
154,52.0,16.0,22.0,29.0,25.0
155,32.0,12.0,55.0,15.0,21.0
156,9.0,12.0,15.0,18.0,64.0
157,16.0,57.0,46.0,20.0,19.0
158,37.0,52.0,11.0,17.0,15.0
159,13.0,19.0,27.0,40.0,47.0
160,14.0,21.0,38.0,54.0,11.0
161,13.0,19.0,14.0,17.0,28.0
162,19.0,40.0,11.0,14.0,23.0
163,17.0,15.0,19.0,8.0,62.0
164,17.0,21.0,18.0,21.0,30.0
165,26.0,25.0,16.0,24.0,12.0
166,27.0,20.0,24.0,12.0,21.0
167,32.0,45.0,25.0,18.0,17.0
168,36.0,22.0,11.0,40.0,32.0
169,58.0,15.0,23.0,12.0,40.0
170,18.0,28.0,19.0,26.0,16.0
171,44.0,12.0,23.0,16.0,20.0
172,23.0,28.0,15.0,25.0,13.0
173,21.0,23.0,69.0,39.0,18.0
174,17.0,9.0,16.0,56.0,12.0
175,29.0,15.0,13.0,14.0,25.0
176,11.0,18.0,18.0,13.0,18.0
177,58.0,11.0,21.0,21.0,55.0
178,12.0,13.0,28.0,11.0,14.0
179,26.0,65.0,42.0,25.0,18.0
180,25.0,50.0,56.0,12.0,12.0
181,54.0,42.0,36.0,10.0,35.0
182,13.0,14.0,19.0,59.0,12.0
183,14.0,13.0,18.0,21.0,15.0
184,32.0,24.0,21.0,18.0,16.0
185,15.0,11.0,23.0,15.0,73.0
186,34.0,33.0,14.0,21.0,43.0
187,16.0,41.0,9.0,14.0,14.0
188,28.0,27.0,19.0,32.0,15.0
189,12.0,43.0,20.0,23.0,30.0
190,17.0,17.0,21.0,39.0,15.0
191,44.0,27.0,48.0,16.0,18.0
192,31.0,10.0,17.0,40.0,31.0
193,12.0,11.0,19.0,30.0,35.0
194,28.0,14.0,18.0,29.0,19.0
195,94.0,16.0,16.0,15.0,15.0
196,27.0,21.0,10.0,16.0,27.0
197,22.0,44.0,12.0,58.0,26.0
198,13.0,11.0,22.0,62.0,33.0
199,23.0,10.0,27.0,15.0,20.0
200,19.0,11.0,38.0,71.0,29.0
201,14.0,41.0,40.0,24.0,47.0
202,17.0,51.0,26.0,33.0,37.0
203,89.0,27.0,15.0,32.0,15.0
204,34.0,14.0,20.0,17.0,17.0
205,26.0,13.0,18.0,14.0,11.0
206,16.0,50.0,16.0,66.0,25.0
207,21.0,14.0,16.0,33.0,17.0
208,13.0,18.0,18.0,28.0,17.0
209,14.0,21.0,26.0,11.0,15.0
210,10.0,26.0,17.0,33.0,11.0
211,39.0,27.0,17.0,33.0,16.0
212,28.0,15.0,11.0,48.0,16.0
213,18.0,13.0,49.0,9.0,14.0
214,19.0,31.0,59.0,9.0,15.0
215,54.0,28.0,18.0,15.0,15.0
216,33.0,32.0,20.0,13.0,46.0
217,17.0,13.0,20.0,13.0,18.0
218,38.0,33.0,40.0,28.0,14.0
219,48.0,33.0,33.0,47.0,30.0
220,25.0,31.0,26.0,19.0,19.0
221,41.0,17.0,32.0,22.0,27.0
222,16.0,31.0,18.0,11.0,28.0
223,41.0,19.0,13.0,12.0,20.0
224,31.0,23.0,27.0,33.0,34.0
225,28.0,32.0,40.0,26.0,46.0
226,23.0,14.0,15.0,26.0,21.0
227,34.0,15.0,24.0,20.0,21.0
228,13.0,31.0,16.0,63.0,22.0
229,46.0,21.0,38.0,15.0,11.0
230,20.0,40.0,16.0,25.0,16.0
231,25.0,31.0,10.0,13.0,14.0
232,10.0,22.0,15.0,20.0,13.0
233,14.0,20.0,19.0,26.0,28.0
234,16.0,62.0,32.0,45.0,17.0
235,22.0,34.0,13.0,36.0,20.0
236,53.0,28.0,44.0,32.0,13.0
237,37.0,30.0,18.0,50.0,14.0
238,23.0,9.0,42.0,13.0,16.0
239,21.0,14.0,13.0,49.0,25.0
240,15.0,50.0,54.0,33.0,21.0
241,16.0,14.0,24.0,17.0,12.0
242,23.0,24.0,36.0,17.0,11.0
243,62.0,12.0,9.0,13.0,21.0
244,32.0,46.0,18.0,30.0,71.0
245,34.0,10.0,14.0,28.0,17.0
246,14.0,20.0,14.0,34.0,11.0
247,19.0,22.0,51.0,15.0,17.0
248,18.0,15.0,16.0,14.0,20.0
249,11.0,11.0,101.0,44.0,11.0
250,33.0,15.0,25.0,28.0,24.0
251,18.0,29.0,19.0,23.0,11.0
252,35.0,10.0,15.0,31.0,27.0
253,17.0,15.0,15.0,16.0,14.0
254,24.0,24.0,11.0,16.0,19.0
255,23.0,37.0,55.0,24.0,20.0
256,14.0,38.0,13.0,20.0,20.0
257,9.0,21.0,58.0,9.0,39.0
258,15.0,24.0,11.0,20.0,10.0
259,28.0,19.0,18.0,74.0,40.0
260,26.0,13.0,46.0,15.0,15.0
261,24.0,16.0,33.0,44.0,12.0
262,15.0,24.0,39.0,17.0,54.0
263,16.0,18.0,19.0,33.0,39.0
264,18.0,19.0,25.0,34.0,22.0
265,18.0,15.0,12.0,14.0,17.0
266,25.0,16.0,29.0,13.0,12.0
267,40.0,53.0,23.0,19.0,31.0
268,48.0,11.0,14.0,60.0,19.0
269,18.0,18.0,23.0,18.0,19.0
270,17.0,22.0,35.0,25.0,17.0
271,30.0,21.0,17.0,19.0,22.0
272,17.0,21.0,33.0,46.0,32.0
273,71.0,21.0,23.0,22.0,12.0
274,24.0,26.0,17.0,85.0,25.0
275,29.0,17.0,21.0,12.0,32.0
276,20.0,10.0,47.0,10.0,15.0
277,19.0,24.0,40.0,12.0,33.0
278,12.0,25.0,13.0,17.0,13.0
279,34.0,24.0,13.0,16.0,46.0
280,16.0,16.0,14.0,14.0,20.0
281,18.0,11.0,14.0,25.0,21.0
282,19.0,29.0,27.0,15.0,28.0
283,74.0,19.0,67.0,15.0,13.0
284,21.0,26.0,13.0,16.0,13.0
285,30.0,21.0,29.0,13.0,37.0
286,13.0,75.0,14.0,30.0,24.0
287,13.0,21.0,25.0,20.0,61.0
288,42.0,51.0,23.0,15.0,32.0
289,16.0,12.0,17.0,15.0,17.0
290,14.0,28.0,22.0,20.0,25.0
291,28.0,35.0,19.0,13.0,20.0
292,17.0,33.0,27.0,47.0,19.0
293,70.0,14.0,15.0,21.0,10.0
294,18.0,29.0,18.0,21.0,13.0
295,12.0,19.0,16.0,19.0,27.0
296,12.0,21.0,37.0,14.0,33.0
297,29.0,35.0,19.0,12.0,28.0
298,15.0,16.0,27.0,41.0,26.0
299,20.0,17.0,35.0,21.0,14.0
300,41.0,17.0,13.0,35.0,21.0
301,43.0,28.0,26.0,16.0,49.0
302,17.0,22.0,30.0,13.0,11.0
303,47.0,21.0,15.0,19.0,39.0
304,82.0,47.0,30.0,13.0,11.0
305,22.0,23.0,41.0,13.0,21.0
306,33.0,18.0,50.0,10.0,16.0
307,17.0,44.0,14.0,54.0,23.0
308,50.0,31.0,23.0,26.0,28.0
309,30.0,9.0,25.0,22.0,28.0
310,16.0,16.0,36.0,33.0,9.0
311,10.0,30.0,20.0,23.0,9.0
312,26.0,19.0,49.0,14.0,47.0
313,22.0,17.0,27.0,14.0,20.0
314,19.0,35.0,20.0,38.0,17.0
315,12.0,12.0,20.0,22.0,20.0
316,13.0,16.0,37.0,19.0,25.0
317,10.0,10.0,35.0,38.0,18.0
318,20.0,12.0,30.0,13.0,17.0
319,25.0,26.0,26.0,32.0,18.0
320,34.0,42.0,16.0,25.0,47.0
321,11.0,59.0,21.0,39.0,25.0
322,18.0,18.0,12.0,41.0,38.0
323,58.0,23.0,25.0,20.0,34.0
324,35.0,50.0,15.0,36.0,12.0
325,38.0,18.0,21.0,18.0,10.0
326,125.0,22.0,22.0,34.0,17.0
327,20.0,22.0,14.0,12.0,31.0
328,55.0,12.0,33.0,36.0,14.0
329,13.0,46.0,37.0,48.0,35.0
330,18.0,16.0,16.0,15.0,27.0
331,23.0,17.0,19.0,11.0,12.0
332,23.0,14.0,11.0,17.0,51.0
333,13.0,32.0,40.0,51.0,12.0
334,26.0,12.0,17.0,19.0,25.0
335,39.0,25.0,26.0,25.0,14.0
336,11.0,20.0,10.0,19.0,55.0
337,45.0,63.0,33.0,35.0,17.0
338,34.0,33.0,25.0,18.0,19.0
339,12.0,46.0,11.0,40.0,44.0
340,19.0,12.0,19.0,13.0,28.0
341,19.0,32.0,16.0,39.0,48.0
342,13.0,21.0,34.0,18.0,28.0
343,44.0,39.0,10.0,17.0,28.0
344,51.0,29.0,14.0,20.0,19.0
345,22.0,43.0,19.0,19.0,30.0
346,27.0,18.0,63.0,29.0,12.0
347,11.0,20.0,50.0,43.0,18.0
348,24.0,10.0,24.0,27.0,40.0
349,12.0,15.0,29.0,12.0,16.0
350,48.0,33.0,33.0,30.0,12.0
351,35.0,24.0,33.0,18.0,15.0
352,29.0,15.0,30.0,62.0,10.0
353,14.0,21.0,15.0,25.0,14.0
354,17.0,27.0,22.0,13.0,18.0
355,29.0,21.0,39.0,28.0,25.0
356,11.0,17.0,40.0,20.0,46.0
357,38.0,12.0,26.0,12.0,24.0
358,52.0,12.0,48.0,11.0,17.0
359,16.0,49.0,27.0,20.0,17.0
360,12.0,18.0,22.0,44.0,19.0
361,29.0,10.0,18.0,33.0,28.0
362,16.0,15.0,33.0,24.0,14.0
363,20.0,21.0,23.0,11.0,96.0
364,13.0,22.0,75.0,26.0,13.0
365,31.0,26.0,21.0,18.0,45.0
366,32.0,11.0,12.0,31.0,46.0
367,35.0,16.0,28.0,26.0,17.0
368,62.0,18.0,50.0,15.0,37.0
369,27.0,32.0,16.0,11.0,76.0
370,23.0,10.0,43.0,14.0,22.0
371,35.0,38.0,61.0,11.0,29.0
372,23.0,11.0,16.0,19.0,22.0
373,29.0,62.0,23.0,14.0,18.0
374,13.0,36.0,51.0,29.0,38.0
375,26.0,17.0,10.0,29.0,24.0
376,23.0,25.0,33.0,30.0,40.0
377,17.0,16.0,54.0,14.0,15.0
378,53.0,44.0,43.0,34.0,38.0
379,14.0,39.0,9.0,14.0,26.0
380,30.0,21.0,29.0,29.0,30.0
381,38.0,48.0,21.0,10.0,19.0
382,38.0,14.0,27.0,17.0,57.0
383,26.0,15.0,11.0,11.0,14.0
384,12.0,19.0,19.0,18.0,47.0
385,19.0,24.0,17.0,14.0,13.0
386,17.0,85.0,20.0,25.0,29.0
387,11.0,9.0,10.0,46.0,30.0
388,68.0,14.0,29.0,45.0,25.0
389,21.0,17.0,14.0,29.0,18.0
390,17.0,35.0,18.0,11.0,28.0
391,15.0,18.0,17.0,12.0,17.0
392,38.0,33.0,42.0,22.0,13.0
393,11.0,12.0,19.0,13.0,35.0
394,16.0,28.0,16.0,14.0,16.0
395,23.0,29.0,29.0,58.0,25.0
396,27.0,9.0,16.0,66.0,34.0
397,20.0,18.0,27.0,46.0,39.0
398,20.0,47.0,27.0,50.0,16.0
399,28.0,31.0,16.0,39.0,24.0
400,16.0,43.0,14.0,17.0,16.0
401,20.0,14.0,25.0,34.0,24.0
402,40.0,23.0,27.0,9.0,19.0
403,21.0,36.0,18.0,28.0,11.0
404,30.0,25.0,37.0,28.0,53.0
405,28.0,13.0,17.0,43.0,31.0
406,28.0,19.0,27.0,27.0,25.0
407,23.0,29.0,11.0,18.0,25.0
408,26.0,19.0,79.0,25.0,32.0
409,29.0,28.0,14.0,16.0,31.0
410,46.0,10.0,38.0,9.0,26.0
411,26.0,29.0,14.0,12.0,64.0
412,12.0,33.0,19.0,20.0,24.0
413,46.0,21.0,8.0,17.0,27.0
414,58.0,44.0,48.0,29.0,15.0
415,12.0,12.0,39.0,12.0,33.0
416,17.0,10.0,18.0,31.0,13.0
417,19.0,44.0,32.0,14.0,59.0
418,14.0,13.0,55.0,28.0,13.0
419,26.0,11.0,11.0,11.0,81.0
420,23.0,12.0,13.0,39.0,31.0
421,67.0,14.0,56.0,30.0,16.0
422,14.0,17.0,14.0,30.0,49.0
423,19.0,12.0,38.0,23.0,23.0
424,74.0,51.0,13.0,38.0,30.0
425,19.0,22.0,15.0,34.0,32.0
426,36.0,49.0,12.0,43.0,28.0
427,34.0,14.0,30.0,21.0,31.0
428,18.0,13.0,11.0,23.0,50.0
429,13.0,22.0,13.0,15.0,34.0
430,33.0,30.0,30.0,64.0,44.0
431,19.0,19.0,26.0,22.0,12.0
432,25.0,21.0,20.0,11.0,32.0
433,19.0,20.0,50.0,39.0,31.0
434,26.0,21.0,31.0,51.0,36.0
435,16.0,14.0,18.0,17.0,16.0
436,12.0,9.0,11.0,31.0,42.0
437,18.0,21.0,32.0,16.0,12.0
438,39.0,14.0,22.0,23.0,21.0
439,21.0,10.0,52.0,57.0,29.0
440,43.0,27.0,32.0,17.0,42.0
441,38.0,38.0,13.0,16.0,15.0
442,37.0,11.0,22.0,20.0,34.0
443,37.0,20.0,27.0,36.0,17.0
444,36.0,28.0,24.0,38.0,20.0
445,64.0,15.0,15.0,28.0,12.0
446,24.0,12.0,19.0,23.0,28.0
447,26.0,20.0,15.0,39.0,29.0
448,35.0,58.0,35.0,27.0,29.0
449,26.0,20.0,11.0,38.0,26.0
450,15.0,52.0,18.0,13.0,13.0
451,17.0,19.0,30.0,66.0,36.0
452,18.0,16.0,19.0,33.0,32.0
453,41.0,14.0,37.0,11.0,17.0
454,42.0,62.0,15.0,16.0,21.0
455,14.0,53.0,17.0,28.0,29.0
456,20.0,29.0,38.0,19.0,42.0
457,19.0,19.0,29.0,15.0,13.0
458,15.0,16.0,9.0,14.0,17.0
459,13.0,27.0,18.0,34.0,20.0
460,19.0,47.0,12.0,24.0,38.0
461,30.0,17.0,41.0,16.0,32.0
462,34.0,43.0,34.0,17.0,20.0
463,18.0,32.0,27.0,28.0,16.0
464,25.0,62.0,20.0,11.0,17.0
465,51.0,46.0,45.0,31.0,19.0
466,10.0,39.0,9.0,18.0,53.0
467,12.0,41.0,53.0,22.0,26.0
468,13.0,51.0,47.0,18.0,22.0
469,24.0,46.0,17.0,40.0,30.0
470,36.0,20.0,59.0,26.0,12.0
471,25.0,29.0,30.0,14.0,14.0
472,21.0,22.0,22.0,30.0,39.0
473,19.0,29.0,12.0,37.0,32.0
474,28.0,12.0,20.0,70.0,20.0
475,44.0,39.0,22.0,50.0,22.0
476,14.0,70.0,28.0,13.0,20.0
477,17.0,16.0,22.0,24.0,16.0
478,37.0,30.0,25.0,52.0,20.0
479,11.0,9.0,24.0,40.0,21.0
480,21.0,16.0,16.0,10.0,35.0
481,50.0,18.0,22.0,17.0,14.0
482,11.0,22.0,19.0,40.0,23.0
483,18.0,12.0,67.0,31.0,24.0
484,20.0,24.0,38.0,59.0,28.0
485,30.0,32.0,28.0,42.0,22.0
486,17.0,16.0,28.0,11.0,34.0
487,24.0,31.0,16.0,15.0,20.0
488,28.0,45.0,39.0,12.0,35.0
489,24.0,18.0,37.0,24.0,22.0
490,12.0,10.0,37.0,19.0,34.0
491,11.0,13.0,37.0,36.0,29.0
492,16.0,10.0,33.0,14.0,40.0
493,9.0,9.0,25.0,38.0,16.0
494,35.0,21.0,35.0,11.0,14.0
495,42.0,54.0,48.0,24.0,28.0
496,24.0,19.0,18.0,22.0,23.0
497,25.0,15.0,21.0,15.0,18.0
498,10.0,18.0,17.0,27.0,23.0
499,21.0,22.0,10.0,22.0,32.0
